,auc,sigma,gamma,optimal,optimistic@0,optimistic@0.1,optimistic@0.2,optimistic@0.3,optimistic@0.4,optimistic@0.5,optimistic@0.6,optimistic@0.7,optimistic@0.8,optimistic@0.9,optimistic@1
0,0.938613365568618,0.13870149000920318,0.1,1.0146070084887369,1.3517122177265357,1.0273173087528882,1.024069754118108,1.024640226922216,1.0240588155934682,1.0240393056486272,1.0239675456423625,1.024581818405827,1.0253525638827272,1.0263599313683722,1.1241126534796406
2,0.938613365568618,0.19486965017283772,0.3,1.0396938838680574,1.3516256338967745,1.1090672473389034,1.0828610632665658,1.0697283806802125,1.0636204601758477,1.0603124381075586,1.059662313408264,1.0607731400155265,1.065023069480525,1.0743686766372136,1.2076324193742187
3,0.938613365568618,0.2152191382088275,0.4,1.040073739334834,1.3516256338967745,1.1478265236233975,1.104461090964884,1.0790700877729351,1.0644047065344888,1.0571600740407887,1.057252603469942,1.0623934903014605,1.072224974107018,1.090554475924726,1.2109677762061524
5,0.938613365568618,0.3108674623320519,0.6,1.053468763802481,1.3516256338967745,1.2504427058599563,1.183571559325609,1.1202108241942397,1.0728848577256644,1.0552431264559785,1.0588262951142688,1.0792324732986365,1.1096819672815554,1.1485006439014185,1.211250929930542
9,0.938613365568618,0.4134639891312176,0.7,1.0665352376806094,1.3516256338967745,1.316198208932821,1.25371576981434,1.174701910850499,1.0906516195474962,1.0522866185721729,1.0680769895270408,1.1058771394018279,1.1498432069104276,1.1915551482071585,1.21297965141423
