,auc,sigma,gamma,optimal,optimistic@0,optimistic@0.1,optimistic@0.2,optimistic@0.3,optimistic@0.4,optimistic@0.5,optimistic@0.6,optimistic@0.7,optimistic@0.8,optimistic@0.9,optimistic@1
24,0.8333363423936124,0.9017349259299612,0.9,1.061847007679269,1.1908777895270009,1.1908777895270009,1.1908777895270009,1.1908777895270009,1.1856532725052027,1.0243914683097777,1.111860885374801,1.1153817344075676,1.1153817344075676,1.1153817344075676,1.1153817344075676
