,auc,sigma,gamma,optimal,optimistic@0,optimistic@0.1,optimistic@0.2,optimistic@0.3,optimistic@0.4,optimistic@0.5,optimistic@0.6,optimistic@0.7,optimistic@0.8,optimistic@0.9,optimistic@1
17,0.7164525268279226,0.6839392489047074,0.4,1.5288881050239673,2.0064364758988664,1.9712774418858356,1.9175566131693402,1.8669464205644328,1.8466193890351987,1.8210855879978354,1.7996471201470636,1.7819599361092622,1.7658493410753147,1.762601675907692,1.7745560163258087
