,auc,sigma,gamma,optimal,optimistic@0,optimistic@0.1,optimistic@0.2,optimistic@0.3,optimistic@0.4,optimistic@0.5,optimistic@0.6,optimistic@0.7,optimistic@0.8,optimistic@0.9,optimistic@1
23,0.7164525268279224,0.8721486797689411,0.7,1.060251558255911,1.1908777895270009,1.1908777895270009,1.190783858775806,1.1870226150163343,1.144972652435998,1.0797299681307333,1.0966028924688656,1.1146446629173028,1.1176957478908771,1.1177288222661068,1.1177288222661068
