,auc,sigma,gamma,optimal,optimistic@0,optimistic@0.1,optimistic@0.2,optimistic@0.3,optimistic@0.4,optimistic@0.5,optimistic@0.6,optimistic@0.7,optimistic@0.8,optimistic@0.9,optimistic@1
10,0.8333363423936688,0.4363521493876309,0.4,1.0010610206456478,1.1354301726227496,1.047489627351326,1.0090691442876896,1.0000000000000002,1.0000000000000002,1.0000000000000002,1.0000000000000002,1.001141567956356,1.0161792123899356,1.0352770198675794,1.078786186207631
