,auc,sigma,gamma,optimal,optimistic@0,optimistic@0.1,optimistic@0.2,optimistic@0.3,optimistic@0.4,optimistic@0.5,optimistic@0.6,optimistic@0.7,optimistic@0.8,optimistic@0.9,optimistic@1
8,0.8333363423936784,0.3937641045017957,0.3,1.0000000000000002,1.1354301726227496,1.0131150911255389,1.0000000000000002,1.0000000000000002,1.0000000000000002,1.0000000000000002,1.0000000000000002,1.0000000000000002,1.0034951872842883,1.0178528089555592,1.078810719132195
11,0.8333363423936784,0.4999999999999997,0.5,1.00709884200612,1.1354301726227496,1.0867457498049704,1.0406750271255198,1.0020577841464828,1.0000000000000002,1.0000000000000002,1.0000000000000002,1.0112230569780756,1.0327030065274267,1.0553066514105387,1.0794398771649936
