,auc,sigma,gamma,optimal,optimistic@0,optimistic@0.1,optimistic@0.2,optimistic@0.3,optimistic@0.4,optimistic@0.5,optimistic@0.6,optimistic@0.7,optimistic@0.8,optimistic@0.9,optimistic@1
25,0.716452526827922,0.9221100623304084,0.8,1.020664571253014,1.0865364031448743,1.0865364031448743,1.0865364031448743,1.0865072197160868,1.0746829969646203,1.0000000000000002,1.05003660226561,1.0558185404466711,1.055826405473807,1.055826405473807,1.055826405473807
