,auc,sigma,gamma,optimal,optimistic@0,optimistic@0.1,optimistic@0.2,optimistic@0.3,optimistic@0.4,optimistic@0.5,optimistic@0.6,optimistic@0.7,optimistic@0.8,optimistic@0.9,optimistic@1
25,0.716452526827922,0.9221100623304084,0.8,1.0641999754451026,1.1908777895270009,1.1908777895270009,1.1908777895270009,1.190789099419665,1.1801158061759187,1.0777502892445625,1.1112768200877212,1.1176944783782004,1.1177079313688092,1.1177079313688092,1.1177079313688092
