,auc,sigma,gamma,optimal,optimistic@0,optimistic@0.1,optimistic@0.2,optimistic@0.3,optimistic@0.4,optimistic@0.5,optimistic@0.6,optimistic@0.7,optimistic@0.8,optimistic@0.9,optimistic@1
22,0.7164525268279239,0.8143623888908731,0.6,1.4844153782785254,2.0064364758988664,2.0064364758988664,1.9973439043232522,1.9527521879157392,1.883438415731932,1.8115347084570528,1.7654172880504961,1.764065718558064,1.7758118596603376,1.7768677461408664,1.7768677461408664
