,auc,sigma,gamma,optimal,optimistic@0,optimistic@0.1,optimistic@0.2,optimistic@0.3,optimistic@0.4,optimistic@0.5,optimistic@0.6,optimistic@0.7,optimistic@0.8,optimistic@0.9,optimistic@1
16,0.7164525268279263,0.6244512436396387,0.3,1.56237409626682,2.0064364758988664,1.919032915413026,1.8833453909584938,1.8552586341963602,1.8355997296134248,1.8158004154416902,1.8016546309076338,1.776293748962012,1.7648822536944722,1.7575466434794178,1.7636926979789065
