,auc,sigma,gamma,optimal,optimistic@0,optimistic@0.1,optimistic@0.2,optimistic@0.3,optimistic@0.4,optimistic@0.5,optimistic@0.6,optimistic@0.7,optimistic@0.8,optimistic@0.9,optimistic@1
6,0.8333363423936785,0.3340735977409097,0.1,1.0133341422208375,1.190904015221424,1.0254181392272068,1.022644619105117,1.0217078364722751,1.0214673740915894,1.021986396470029,1.0216252429267738,1.021986396470029,1.022975225652148,1.024771374207431,1.098649431064358
18,0.8333363423936785,0.6875341372243786,0.7,1.0428934375160386,1.1908777895270009,1.1902176705468799,1.178842766084766,1.137078020897479,1.0618042846797269,1.0232303639598672,1.0486971199581383,1.0843218975567843,1.1064969544515295,1.1131004748706288,1.1133822370528017
21,0.8333363423936785,0.7957871725412047,0.8,1.0524020654064796,1.1908777895270009,1.1908777895270009,1.190730825313648,1.1818686267025749,1.114705415289357,1.0215536300128194,1.0736271448389116,1.1099686835134317,1.1147754015284024,1.1149283882010088,1.1149283882010088
