,auc,sigma,gamma,optimal,optimistic@0,optimistic@0.1,optimistic@0.2,optimistic@0.3,optimistic@0.4,optimistic@0.5,optimistic@0.6,optimistic@0.7,optimistic@0.8,optimistic@0.9,optimistic@1
6,0.8333363423936785,0.3340735977409097,0.1,1.0000000000000002,1.135503744504372,1.0000000000000002,1.0000000000000002,1.0000000000000002,1.0000000000000002,1.0000000000000002,1.0000000000000002,1.0000000000000002,1.0000000000000002,1.0000000000000002,1.066605167587781
18,0.8333363423936785,0.6875341372243786,0.7,1.0221318920726687,1.1354301726227496,1.1346992576843942,1.122566276462745,1.0798210587737915,1.0051645421442283,1.0000000000000002,1.0147684919171074,1.052016022464411,1.0736300448007228,1.0799986257855911,1.0802539619722809
21,0.8333363423936785,0.7957871725412047,0.8,1.030170092387823,1.1354301726227496,1.1354301726227496,1.1353156855283613,1.1261397140184572,1.057647779359882,1.0000000000000002,1.0409115263194686,1.07667160742483,1.0811723224353116,1.081253583568414,1.081253583568414
