,auc,sigma,gamma,optimal,optimistic@0,optimistic@0.1,optimistic@0.2,optimistic@0.3,optimistic@0.4,optimistic@0.5,optimistic@0.6,optimistic@0.7,optimistic@0.8,optimistic@0.9,optimistic@1
24,0.8333363423936124,0.9017349259299612,0.9,1.1399281275395274,1.3516256338967745,1.3516256338967745,1.3516256338967745,1.3516256338967745,1.3447746052087042,1.1548546005134048,1.2267360943010586,1.2316418534836016,1.2316418534836016,1.2316418534836016,1.2316418534836016
