,auc,sigma,gamma,optimal,optimistic@0,optimistic@0.1,optimistic@0.2,optimistic@0.3,optimistic@0.4,optimistic@0.5,optimistic@0.6,optimistic@0.7,optimistic@0.8,optimistic@0.9,optimistic@1
19,0.7164525268279522,0.7499999999999409,0.5,1.0105333395275689,1.0865364031448743,1.083143986812383,1.0647137721828246,1.0332121000923336,1.0055934850439925,1.0000000000000002,1.0126409526227234,1.0313473954997379,1.045630981603926,1.0538009221581313,1.055642629717292
