,auc,sigma,gamma,optimal,optimistic@0,optimistic@0.1,optimistic@0.2,optimistic@0.3,optimistic@0.4,optimistic@0.5,optimistic@0.6,optimistic@0.7,optimistic@0.8,optimistic@0.9,optimistic@1
1,0.9386133655686181,0.17794478349715073,0.2,1.0,1.0000000000000002,1.0,1.0,1.0,1.0,1.0,1.0,1.0,1.0,1.0,1.0000000000000002
4,0.9386133655686181,0.25000000000000017,0.5,1.0,1.0000000000000002,1.0,1.0,1.0,1.0,1.0,1.0,1.0,1.0,1.0,1.005187471247244
13,0.9386133655686181,0.5682474494158067,0.8,1.0,1.0000000000000002,1.0000000000000002,1.0000000000000002,1.0,1.0,1.0,1.0,1.0,1.0000000000000002,1.0056612278267154,1.0063152701228493
20,0.9386133655686181,0.7695990367386679,0.9,1.0000000000000002,1.0000000000000002,1.0000000000000002,1.0000000000000002,1.0000000000000002,1.0,1.0,1.0000000000000002,1.0069207515501606,1.0081067722075083,1.0081067722075083,1.0081067722075083
