,auc,sigma,gamma,optimal,optimistic@0,optimistic@0.1,optimistic@0.2,optimistic@0.3,optimistic@0.4,optimistic@0.5,optimistic@0.6,optimistic@0.7,optimistic@0.8,optimistic@0.9,optimistic@1
10,0.8333363423936688,0.4363521493876309,0.4,1.1899700422613468,1.5354602199799754,1.4242254663993588,1.3721566514846593,1.3390012722308549,1.3110496237636902,1.2909187565957758,1.2766414049867525,1.2712850559427558,1.2757664326381328,1.2901033632413696,1.3480753861026018
