,auc,sigma,gamma,optimal,optimistic@0,optimistic@0.1,optimistic@0.2,optimistic@0.3,optimistic@0.4,optimistic@0.5,optimistic@0.6,optimistic@0.7,optimistic@0.8,optimistic@0.9,optimistic@1
26,0.7164525268279227,0.964115655499626,0.9,1.5140746477779539,2.0064364758988664,2.0064364758988664,2.0064364758988664,2.0064364758988664,2.0064364758988664,1.8222551288624906,1.7991912757639357,1.7991912757639357,1.7991912757639357,1.7991912757639357,1.7991912757639357
