,auc,sigma,gamma,optimal,optimistic@0,optimistic@0.1,optimistic@0.2,optimistic@0.3,optimistic@0.4,optimistic@0.5,optimistic@0.6,optimistic@0.7,optimistic@0.8,optimistic@0.9,optimistic@1
19,0.7164525268279522,0.7499999999999409,0.5,1.0519140349847158,1.1908777895270009,1.1873968514163185,1.171280378808979,1.137941995585376,1.1000742607687886,1.0787655051671436,1.080770360159919,1.094148054349045,1.1072143405361314,1.1153672635201726,1.117564267751345
