,auc,sigma,gamma,optimal,optimistic@0,optimistic@0.1,optimistic@0.2,optimistic@0.3,optimistic@0.4,optimistic@0.5,optimistic@0.6,optimistic@0.7,optimistic@0.8,optimistic@0.9,optimistic@1
14,0.7164525268279223,0.5790549636431596,0.2,1.0509479233017238,1.1908777895270009,1.117975378504205,1.099786606427527,1.088661934319864,1.082950588020091,1.0792913586937578,1.0770188124847688,1.0771063061403376,1.0791679126537337,1.0843006806945317,1.1172827657096631
