,auc,sigma,gamma,optimal,optimistic@0,optimistic@0.1,optimistic@0.2,optimistic@0.3,optimistic@0.4,optimistic@0.5,optimistic@0.6,optimistic@0.7,optimistic@0.8,optimistic@0.9,optimistic@1
24,0.8333363423936124,0.9017349259299612,0.9,1.4850339465818145,2.0064364758988664,2.0064364758988664,2.0064364758988664,2.0064364758988664,1.9936858298828772,1.7026087989933312,1.7592538531668158,1.769579168583193,1.769579168583193,1.769579168583193,1.769579168583193
