,auc,sigma,gamma,optimal,optimistic@0,optimistic@0.1,optimistic@0.2,optimistic@0.3,optimistic@0.4,optimistic@0.5,optimistic@0.6,optimistic@0.7,optimistic@0.8,optimistic@0.9,optimistic@1
17,0.7164525268279226,0.6839392489047074,0.4,1.024771374207431,1.1354301726227496,1.1159875691625378,1.0898849676604945,1.0631747557279263,1.0450382591838396,1.0381746439969066,1.0392294705866598,1.048061582666463,1.0610941701437289,1.0734573087668142,1.0827427171389288
