,auc,sigma,gamma,optimal,optimistic@0,optimistic@0.1,optimistic@0.2,optimistic@0.3,optimistic@0.4,optimistic@0.5,optimistic@0.6,optimistic@0.7,optimistic@0.8,optimistic@0.9,optimistic@1
14,0.7164525268279223,0.5790549636431596,0.2,1.0222784444452715,1.1354301726227496,1.0638566431231002,1.0495702379899912,1.0418461471830112,1.0384366483973222,1.0373362075622428,1.0368921750183873,1.0389571326683122,1.042393954798961,1.049145260316526,1.083116698896576
