,auc,sigma,gamma,optimal,optimistic@0,optimistic@0.1,optimistic@0.2,optimistic@0.3,optimistic@0.4,optimistic@0.5,optimistic@0.6,optimistic@0.7,optimistic@0.8,optimistic@0.9,optimistic@1
19,0.7164525268279522,0.7499999999999409,0.5,1.2222397435819368,1.5354602199799754,1.5303897577997525,1.50910426904711,1.4690317925181968,1.4138770161786052,1.369186171531584,1.345529399962864,1.3500150245460774,1.3583424164128317,1.3678246913236818,1.3706157435123576
