,auc,sigma,gamma,optimal,optimistic@0,optimistic@0.1,optimistic@0.2,optimistic@0.3,optimistic@0.4,optimistic@0.5,optimistic@0.6,optimistic@0.7,optimistic@0.8,optimistic@0.9,optimistic@1
23,0.7164525268279224,0.8721486797689411,0.7,1.2272331925868811,1.5354602199799754,1.5354602199799754,1.535382024953344,1.5303629072455829,1.4741007802754065,1.3690305949002821,1.3500819694026795,1.3676110684636715,1.372650763676602,1.3727168133598746,1.3727168133598746
