,auc,sigma,gamma,optimal,optimistic@0,optimistic@0.1,optimistic@0.2,optimistic@0.3,optimistic@0.4,optimistic@0.5,optimistic@0.6,optimistic@0.7,optimistic@0.8,optimistic@0.9,optimistic@1
10,0.8333363423936688,0.4363521493876309,0.4,1.0214501533929805,1.1908777895270009,1.1052077142307977,1.0649596185818706,1.0422696054644582,1.0285121116747475,1.025189065176514,1.0282608441672207,1.0371435616196236,1.049633251941228,1.0675204608997544,1.1116244345661404
