,auc,sigma,gamma,optimal,optimistic@0,optimistic@0.1,optimistic@0.2,optimistic@0.3,optimistic@0.4,optimistic@0.5,optimistic@0.6,optimistic@0.7,optimistic@0.8,optimistic@0.9,optimistic@1
6,0.8333363423936785,0.3340735977409097,0.1,1.0,1.0000000000000004,1.0,1.0,1.0,1.0,1.0,1.0,1.0,1.0,1.0,1.0000000000000002
18,0.8333363423936785,0.6875341372243786,0.7,1.0000000000000002,1.0000000000000002,1.0000000000000002,1.0000000000000002,1.0000000000000002,1.0,1.0,1.0,1.0000000000000002,1.0016638318746351,1.0081833060313212,1.0085168108884317
21,0.8333363423936785,0.7957871725412047,0.8,1.0000000000000002,1.0000000000000002,1.0000000000000002,1.0000000000000002,1.0000000000000002,1.0,1.0,1.0000000000000002,1.0041289029165177,1.0090000404779749,1.0090822493120677,1.0090822493120677
