,auc,sigma,gamma,optimal,optimistic@0,optimistic@0.1,optimistic@0.2,optimistic@0.3,optimistic@0.4,optimistic@0.5,optimistic@0.6,optimistic@0.7,optimistic@0.8,optimistic@0.9,optimistic@1
19,0.7164525268279522,0.7499999999999409,0.5,1.131267022709756,1.3516256338967745,1.3472254869469389,1.3290274747122046,1.2952807971045734,1.2536647747306962,1.217706971843188,1.2037847218090414,1.2111554977513217,1.222339240266514,1.2324415353814493,1.2346268678561572
