,auc,sigma,gamma,optimal,optimistic@0,optimistic@0.1,optimistic@0.2,optimistic@0.3,optimistic@0.4,optimistic@0.5,optimistic@0.6,optimistic@0.7,optimistic@0.8,optimistic@0.9,optimistic@1
6,0.8333363423936785,0.3340735977409097,0.1,1.1221942991968137,1.3516320095097314,1.165885580278043,1.1587317872180694,1.155174302069916,1.1529080740770936,1.1503593662929918,1.1476502850609631,1.145631152207759,1.1437609041540655,1.1418275781546512,1.2058733164828193
18,0.8333363423936785,0.6875341372243786,0.7,1.112197200292444,1.3516256338967745,1.3511087612137012,1.3379152595710058,1.293558644402934,1.2177515195655708,1.153941640604668,1.1553966609887545,1.1921026951831342,1.2174339056242856,1.2253406848524016,1.2256368539800435
21,0.8333363423936785,0.7957871725412047,0.8,1.1257073962685131,1.3516256338967745,1.3516256338967745,1.3514750977833372,1.3414123860395464,1.2731673805724628,1.1507349887079728,1.1815347481641392,1.222377687444311,1.2290127013954772,1.2291361574685868,1.2291361574685868
