,auc,sigma,gamma,optimal,optimistic@0,optimistic@0.1,optimistic@0.2,optimistic@0.3,optimistic@0.4,optimistic@0.5,optimistic@0.6,optimistic@0.7,optimistic@0.8,optimistic@0.9,optimistic@1
0,0.938613365568618,0.13870149000920318,0.1,1.0,1.0867343709596042,1.0,1.0,1.0,1.0,1.0,1.0,1.0,1.0,1.0,1.0000000000000002
2,0.938613365568618,0.19486965017283772,0.3,1.0,1.0865364031448743,1.0,1.0,1.0,1.0,1.0,1.0,1.0,1.0,1.0,1.0465788048507063
3,0.938613365568618,0.2152191382088275,0.4,1.0,1.0865364031448743,1.0,1.0,1.0,1.0,1.0,1.0,1.0,1.0,1.0,1.0487680777224269
5,0.938613365568618,0.3108674623320519,0.6,1.0000000000000002,1.0865364031448743,1.0000000000000002,1.0000000000000002,1.0,1.0,1.0,1.0,1.0,1.0000000000000002,1.0000000000000002,1.0487921723089002
9,0.938613365568618,0.4134639891312176,0.7,1.0000000000000002,1.0865364031448743,1.0521285816659116,1.0000000000000002,1.0,1.0,1.0,1.0,1.0000000000000002,1.0000000000000002,1.0320682261283696,1.0492475111577184
