,auc,sigma,gamma,optimal,optimistic@0,optimistic@0.1,optimistic@0.2,optimistic@0.3,optimistic@0.4,optimistic@0.5,optimistic@0.6,optimistic@0.7,optimistic@0.8,optimistic@0.9,optimistic@1
16,0.7164525268279263,0.6244512436396387,0.3,1.0035181392356676,1.0865364031448743,1.0405605232481727,1.0176620083309342,1.0044379828076295,1.0000000000000002,1.000198611802216,1.004586601309274,1.0117816425601172,1.0208346537408235,1.0328260311186417,1.0549880639945186
