,auc,sigma,gamma,optimal,optimistic@0,optimistic@0.1,optimistic@0.2,optimistic@0.3,optimistic@0.4,optimistic@0.5,optimistic@0.6,optimistic@0.7,optimistic@0.8,optimistic@0.9,optimistic@1
8,0.8333363423936784,0.3937641045017957,0.3,1.0000000000000002,1.0865364031448743,1.0000000000000002,1.0000000000000002,1.0000000000000002,1.0000000000000002,1.0000000000000002,1.0000000000000002,1.0000000000000002,1.0000000000000002,1.0000000000000002,1.0518689324694102
11,0.8333363423936784,0.4999999999999997,0.5,1.0000000000000002,1.0865364031448743,1.036500549676272,1.0000000000000002,1.0000000000000002,1.0000000000000002,1.0000000000000002,1.0000000000000002,1.0000000000000002,1.0053753377454997,1.0289457572976706,1.052339063343419
