,auc,sigma,gamma,optimal,optimistic@0,optimistic@0.1,optimistic@0.2,optimistic@0.3,optimistic@0.4,optimistic@0.5,optimistic@0.6,optimistic@0.7,optimistic@0.8,optimistic@0.9,optimistic@1
24,0.8333363423936124,0.9017349259299612,0.9,1.2258885800038672,1.5354602199799754,1.5354602199799754,1.5354602199799754,1.5354602199799754,1.5281586675529717,1.2926052775672434,1.3603373230935492,1.3641903349985685,1.3641903349985685,1.3641903349985685,1.3641903349985685
