,auc,sigma,gamma,optimal,optimistic@0,optimistic@0.1,optimistic@0.2,optimistic@0.3,optimistic@0.4,optimistic@0.5,optimistic@0.6,optimistic@0.7,optimistic@0.8,optimistic@0.9,optimistic@1
7,0.8333363423936787,0.36649181218631305,0.2,1.2276575093429745,1.5354602199799754,1.344684187459521,1.326908016742594,1.315266253863817,1.3057471443162418,1.2988026402837152,1.2913142266089097,1.2840018228958705,1.2800310410894644,1.274671977638103,1.345497414456164
