,auc,sigma,gamma,optimal,optimistic@0,optimistic@0.1,optimistic@0.2,optimistic@0.3,optimistic@0.4,optimistic@0.5,optimistic@0.6,optimistic@0.7,optimistic@0.8,optimistic@0.9,optimistic@1
25,0.716452526827922,0.9221100623304084,0.8,1.1441989108748551,1.3516256338967745,1.3516256338967745,1.3516256338967745,1.3515735642551572,1.338433376906604,1.2157550605943177,1.2280163080762456,1.235452874394269,1.2354852187514742,1.2354852187514742,1.2354852187514742
