,auc,sigma,gamma,optimal,optimistic@0,optimistic@0.1,optimistic@0.2,optimistic@0.3,optimistic@0.4,optimistic@0.5,optimistic@0.6,optimistic@0.7,optimistic@0.8,optimistic@0.9,optimistic@1
14,0.7164525268279223,0.5790549636431596,0.2,1.0009482197536204,1.0865364031448743,1.017466934134513,1.0063242252460216,1.000830436192179,1.0000000000000004,1.0008523491917114,1.0027629385061771,1.0065411796212376,1.0117160963555123,1.0203588986704388,1.0555574503042666
