,auc,sigma,gamma,optimal,optimistic@0,optimistic@0.1,optimistic@0.2,optimistic@0.3,optimistic@0.4,optimistic@0.5,optimistic@0.6,optimistic@0.7,optimistic@0.8,optimistic@0.9,optimistic@1
16,0.7164525268279263,0.6244512436396387,0.3,1.140347031257427,1.3516256338967745,1.299185018606024,1.2722904270305329,1.24962763801895,1.2309017528598358,1.2168481614269815,1.207501078891584,1.20396410549715,1.202187755714103,1.2079269183228387,1.2326210898940224
