,auc,sigma,gamma,optimal,optimistic@0,optimistic@0.1,optimistic@0.2,optimistic@0.3,optimistic@0.4,optimistic@0.5,optimistic@0.6,optimistic@0.7,optimistic@0.8,optimistic@0.9,optimistic@1
25,0.716452526827922,0.9221100623304084,0.8,1.233540871753379,1.5354602199799754,1.5354602199799754,1.5354602199799754,1.5354602199799754,1.5228381185532132,1.3675574765743328,1.3620025925995425,1.3718512377578107,1.3718512377578107,1.3718512377578107,1.3718512377578107
