,auc,sigma,gamma,optimal,optimistic@0,optimistic@0.1,optimistic@0.2,optimistic@0.3,optimistic@0.4,optimistic@0.5,optimistic@0.6,optimistic@0.7,optimistic@0.8,optimistic@0.9,optimistic@1
15,0.8333363423936788,0.5856786353303638,0.6,1.0138355685058045,1.1354301726227496,1.1215823518240973,1.0825146972422979,1.0295181891298024,1.0000000000000002,1.0000000000000002,1.0000000000000002,1.0281458123326028,1.0536076766171842,1.071922312759957,1.0789842216771268
