,auc,sigma,gamma,optimal,optimistic@0,optimistic@0.1,optimistic@0.2,optimistic@0.3,optimistic@0.4,optimistic@0.5,optimistic@0.6,optimistic@0.7,optimistic@0.8,optimistic@0.9,optimistic@1
0,0.938613365568618,0.13870149000920318,0.1,1.0,1.1356999850678384,1.0,1.0,1.0,1.0,1.0,1.0,1.0,1.0,1.0,1.002497776557253
2,0.938613365568618,0.19486965017283772,0.3,1.0000000000000002,1.1354301726227496,1.0000000000000002,1.0000000000000002,1.0,1.0,1.0,1.0,1.0000000000000002,1.0000000000000002,1.0000000000000002,1.0726908681619158
3,0.938613365568618,0.2152191382088275,0.4,1.0000000000000002,1.1354301726227496,1.0000000000000002,1.0000000000000002,1.0000000000000002,1.0,1.0,1.0,1.0000000000000002,1.0000000000000002,1.0000000000000002,1.0750124632462763
5,0.938613365568618,0.3108674623320519,0.6,1.0000000000000002,1.1354301726227496,1.0308081931078226,1.0000000000000002,1.0000000000000002,1.0,1.0,1.0000000000000002,1.0000000000000002,1.0000000000000002,1.0224831028482917,1.0751104718130815
9,0.938613365568618,0.4134639891312176,0.7,1.0000000000000002,1.1354301726227496,1.1016032439538874,1.0335554618054938,1.0000000000000002,1.0000000000000002,1.0,1.0000000000000002,1.0000000000000002,1.0236831358832197,1.0579354260020652,1.0756841225068614
