,auc,sigma,gamma,optimal,optimistic@0,optimistic@0.1,optimistic@0.2,optimistic@0.3,optimistic@0.4,optimistic@0.5,optimistic@0.6,optimistic@0.7,optimistic@0.8,optimistic@0.9,optimistic@1
17,0.7164525268279226,0.6839392489047074,0.4,1.1327058947578816,1.3516256338967745,1.32915265591165,1.3026969439955856,1.2739106981665491,1.2449049777873873,1.2234050802516183,1.20885113267407,1.2046549792130428,1.2101529448075217,1.2217106513975131,1.2334142425521522
