,auc,sigma,gamma,optimal,optimistic@0,optimistic@0.1,optimistic@0.2,optimistic@0.3,optimistic@0.4,optimistic@0.5,optimistic@0.6,optimistic@0.7,optimistic@0.8,optimistic@0.9,optimistic@1
22,0.7164525268279239,0.8143623888908731,0.6,1.0143001070846396,1.0865364031448743,1.0864265395633077,1.0832215964309395,1.0612890112885875,1.0176890835801842,1.0002501867878246,1.0200697166695831,1.0427375259443037,1.0533559237003092,1.0552210815685228,1.0552610402078677
