,auc,sigma,gamma,optimal,optimistic@0,optimistic@0.1,optimistic@0.2,optimistic@0.3,optimistic@0.4,optimistic@0.5,optimistic@0.6,optimistic@0.7,optimistic@0.8,optimistic@0.9,optimistic@1
12,0.7164525268279119,0.547210100773754,0.1,1.0250424939591167,1.1354346280028214,1.0448897184114772,1.0411577744559597,1.0393887467966427,1.0388419531822788,1.0380718631188863,1.0378871811952155,1.0380784780117418,1.038837684476146,1.0402568071976188,1.0828698053287091
