,auc,sigma,gamma,optimal,optimistic@0,optimistic@0.1,optimistic@0.2,optimistic@0.3,optimistic@0.4,optimistic@0.5,optimistic@0.6,optimistic@0.7,optimistic@0.8,optimistic@0.9,optimistic@1
0,0.938613365568618,0.13870149000920318,0.1,1.3953506871726722,2.0064364758988664,1.48328884991908,1.4697216056510807,1.4660678099658515,1.46148549594217,1.4570038401043317,1.4553814647636196,1.4493560444390865,1.4464822476080883,1.435704212696367,1.506787109991274
2,0.938613365568618,0.19486965017283772,0.3,1.3756171772218857,2.0064364758988664,1.627259771761862,1.5832534180956523,1.5600942333695191,1.5422007081680205,1.5245187736163208,1.509117277216395,1.5012862305426076,1.4902828593631159,1.4871540352089108,1.6371537615136527
3,0.938613365568618,0.2152191382088275,0.4,1.3486399144843955,2.0064364758988664,1.6729930184285502,1.6173282931349333,1.5808905374480484,1.5554991813176984,1.5242853458138226,1.5048368476143243,1.4892455610691282,1.4755137157699818,1.481535315375084,1.643184438922031
5,0.938613365568618,0.3108674623320519,0.6,1.3131083109807156,2.0064364758988664,1.8360080284141733,1.7371913684324354,1.648712688130228,1.5629866010540994,1.5151020965207,1.4778314225330198,1.4781475132171678,1.5125046314920505,1.5558097274376823,1.644673460676207
9,0.938613365568618,0.4134639891312176,0.7,1.3149904395214755,2.0064364758988664,1.940480752473343,1.8366818346737794,1.710165512293098,1.6000408524682252,1.5164227555345557,1.4913855354233219,1.5113180456025426,1.5680584830990867,1.6254627277490141,1.6570254840684457
