,auc,sigma,gamma,optimal,optimistic@0,optimistic@0.1,optimistic@0.2,optimistic@0.3,optimistic@0.4,optimistic@0.5,optimistic@0.6,optimistic@0.7,optimistic@0.8,optimistic@0.9,optimistic@1
26,0.7164525268279227,0.964115655499626,0.9,1.2409877237930296,1.5354602199799754,1.5354602199799754,1.5354602199799754,1.5354602199799754,1.5354602199799754,1.3718366139336515,1.3742701210622272,1.3742701210622272,1.3742701210622272,1.3742701210622272,1.3742701210622272
