,auc,sigma,gamma,optimal,optimistic@0,optimistic@0.1,optimistic@0.2,optimistic@0.3,optimistic@0.4,optimistic@0.5,optimistic@0.6,optimistic@0.7,optimistic@0.8,optimistic@0.9,optimistic@1
1,0.9386133655686181,0.17794478349715073,0.2,1.0406114870829721,1.3516256338967745,1.0785485799767056,1.0673104872852242,1.0631424448417723,1.0594412244877152,1.0579354260020652,1.0571020169166605,1.0580165758108555,1.0581029653051954,1.061677809477865,1.1928101279212124
4,0.9386133655686181,0.25000000000000017,0.5,1.0436541646233293,1.3516256338967745,1.1938991304557136,1.13624992664141,1.095856451323724,1.0686476066510642,1.0579030052259053,1.0547094923738882,1.065799404011056,1.0840531215260143,1.1122364626718833,1.2116413952851577
13,0.9386133655686181,0.5682474494158067,0.8,1.0882404927685283,1.3516256338967745,1.3502291094801353,1.329019752954435,1.2601406637075472,1.141150724935058,1.0487908846740692,1.0906701018716831,1.1590311099768058,1.2025902528520431,1.2149773007185032,1.2163242638530751
20,0.9386133655686181,0.7695990367386679,0.9,1.1189547819157075,1.3516256338967745,1.3516256338967745,1.3516256338967745,1.3489893720843458,1.2751406021516971,1.0516289446840152,1.1708720795171472,1.2224386843736341,1.2242599443194373,1.2242599443194373,1.2242599443194373
