,auc,sigma,gamma,optimal,optimistic@0,optimistic@0.1,optimistic@0.2,optimistic@0.3,optimistic@0.4,optimistic@0.5,optimistic@0.6,optimistic@0.7,optimistic@0.8,optimistic@0.9,optimistic@1
8,0.8333363423936784,0.3937641045017957,0.3,1.5081789272454673,2.0064364758988664,1.8156068389393307,1.7744204736315563,1.7485071680912205,1.7175776007863806,1.706139900437099,1.6897465425370037,1.675141800343312,1.6621763988965754,1.6528881025847921,1.7033735062362805
11,0.8333363423936784,0.4999999999999997,0.5,1.444948200211177,2.0064364758988664,1.9119392550653564,1.8407968073204954,1.7952786153732796,1.7467854055640992,1.699854948259409,1.678157941837168,1.6558301166910847,1.652421024942639,1.676552535222758,1.7124688842097013
