,auc,sigma,gamma,optimal,optimistic@0,optimistic@0.1,optimistic@0.2,optimistic@0.3,optimistic@0.4,optimistic@0.5,optimistic@0.6,optimistic@0.7,optimistic@0.8,optimistic@0.9,optimistic@1
7,0.8333363423936787,0.36649181218631305,0.2,1.1149284473515155,1.3516256338967745,1.1990622254699514,1.183590346700914,1.1730272867020468,1.1653015162292852,1.1603122866711426,1.155744578754615,1.151462075513957,1.1491622058399251,1.1495252184860525,1.2209097725275817
