,auc,sigma,gamma,optimal,optimistic@0,optimistic@0.1,optimistic@0.2,optimistic@0.3,optimistic@0.4,optimistic@0.5,optimistic@0.6,optimistic@0.7,optimistic@0.8,optimistic@0.9,optimistic@1
12,0.7164525268279119,0.547210100773754,0.1,1.3055246765033304,1.5354602199799754,1.40106853717987,1.3891827256083686,1.3804979290523185,1.3748157494328883,1.3679415038436329,1.3623537413401468,1.357041492693237,1.3536565395981779,1.3478118536946748,1.367658350699425
