,auc,sigma,gamma,optimal,optimistic@0,optimistic@0.1,optimistic@0.2,optimistic@0.3,optimistic@0.4,optimistic@0.5,optimistic@0.6,optimistic@0.7,optimistic@0.8,optimistic@0.9,optimistic@1
12,0.7164525268279119,0.547210100773754,0.1,1.1785855995487555,1.3516256338967745,1.245845812665493,1.2352565060569165,1.2290127013954772,1.225405034905351,1.2195853385179587,1.2142533018483301,1.2111925529339491,1.2088731403242667,1.2058733164828193,1.233391451716639
