,auc,sigma,gamma,optimal,optimistic@0,optimistic@0.1,optimistic@0.2,optimistic@0.3,optimistic@0.4,optimistic@0.5,optimistic@0.6,optimistic@0.7,optimistic@0.8,optimistic@0.9,optimistic@1
22,0.7164525268279239,0.8143623888908731,0.6,1.2207165921865932,1.5354602199799754,1.5353829651619888,1.5303897577997525,1.5016680829595406,1.4347666200785762,1.3630117772355663,1.339369551661478,1.3547816630206375,1.3645084618383243,1.3673308977344023,1.3673381205569946
