,auc,sigma,gamma,optimal,optimistic@0,optimistic@0.1,optimistic@0.2,optimistic@0.3,optimistic@0.4,optimistic@0.5,optimistic@0.6,optimistic@0.7,optimistic@0.8,optimistic@0.9,optimistic@1
15,0.8333363423936788,0.5856786353303638,0.6,1.1030812149541551,1.3516256338967745,1.3363688288089484,1.29703545123119,1.2445078767318078,1.1911459571978886,1.1519122961059962,1.1478212233217393,1.1675343265656366,1.1919702262267662,1.2131970196319328,1.2226462436707328
