,auc,sigma,gamma,optimal,optimistic@0,optimistic@0.1,optimistic@0.2,optimistic@0.3,optimistic@0.4,optimistic@0.5,optimistic@0.6,optimistic@0.7,optimistic@0.8,optimistic@0.9,optimistic@1
7,0.8333363423936787,0.36649181218631305,0.2,1.0173857874193275,1.1908777895270009,1.04699084783286,1.0360323689277682,1.0303274574520735,1.0287881221146309,1.0280404251544115,1.0287228183412496,1.030039308528211,1.0326063247485746,1.0392777147507082,1.1110751959033276
