,auc,sigma,gamma,optimal,optimistic@0,optimistic@0.1,optimistic@0.2,optimistic@0.3,optimistic@0.4,optimistic@0.5,optimistic@0.6,optimistic@0.7,optimistic@0.8,optimistic@0.9,optimistic@1
14,0.7164525268279223,0.5790549636431596,0.2,1.2719022429808722,1.5354602199799754,1.4382400475111792,1.413574364633685,1.3946694319970856,1.3805889868020085,1.37058952318293,1.3603937011054141,1.3508408091272683,1.3434699765891729,1.3388087450506123,1.3678220086121282
