,auc,sigma,gamma,optimal,optimistic@0,optimistic@0.1,optimistic@0.2,optimistic@0.3,optimistic@0.4,optimistic@0.5,optimistic@0.6,optimistic@0.7,optimistic@0.8,optimistic@0.9,optimistic@1
17,0.7164525268279226,0.6839392489047074,0.4,1.048383992437261,1.1908777895270009,1.1727821492608106,1.1468445280987931,1.1175314923121369,1.0932390610502842,1.0809822357272632,1.0777841294244237,1.083306381844398,1.0949168204275366,1.106985935184065,1.1167230257193532
