,auc,sigma,gamma,optimal,optimistic@0,optimistic@0.1,optimistic@0.2,optimistic@0.3,optimistic@0.4,optimistic@0.5,optimistic@0.6,optimistic@0.7,optimistic@0.8,optimistic@0.9,optimistic@1
6,0.8333363423936785,0.3340735977409097,0.1,1.2430664530003008,1.5354602199799754,1.3069683512727983,1.2969763260794152,1.2919703634618194,1.2887506327751987,1.2854047954775931,1.2815029553184103,1.2785030377293864,1.2753632250943574,1.2692898564072974,1.3262680490919667
18,0.8333363423936785,0.6875341372243786,0.7,1.192627218889094,1.5354602199799754,1.5344909598999152,1.5186443995757068,1.46251036864887,1.3675546101709142,1.290843692936152,1.278669392804608,1.3170265974676736,1.3458040350414455,1.3553290281794148,1.35554006181121
21,0.8333363423936785,0.7957871725412047,0.8,1.2077588339251866,1.5354602199799754,1.5354602199799754,1.535382024953344,1.5244582243895972,1.4361760775815533,1.286795892130436,1.3078575582860972,1.3532705036242108,1.36072466675874,1.3608759117492224,1.3608759117492224
