,auc,sigma,gamma,optimal,optimistic@0,optimistic@0.1,optimistic@0.2,optimistic@0.3,optimistic@0.4,optimistic@0.5,optimistic@0.6,optimistic@0.7,optimistic@0.8,optimistic@0.9,optimistic@1
0,0.938613365568618,0.13870149000920318,0.1,1.0000000000000002,1.1909833736355049,1.0000000000000002,1.0000000000000002,1.0000000000000002,1.0000000000000002,1.0000000000000002,1.0000000000000002,1.0000000000000002,1.0000000000000002,1.0000000000000002,1.0332291246476248
2,0.938613365568618,0.19486965017283772,0.3,1.0000000000000002,1.1908777895270009,1.0000000000000002,1.0000000000000002,1.0000000000000002,1.0000000000000002,1.0000000000000002,1.0000000000000002,1.0000000000000002,1.0000000000000002,1.0000000000000002,1.1040842664195851
3,0.938613365568618,0.2152191382088275,0.4,1.0000000000000002,1.1908777895270009,1.0000000000000002,1.0000000000000002,1.0000000000000002,1.0000000000000002,1.0000000000000002,1.0000000000000002,1.0000000000000002,1.0000000000000002,1.0000000000000002,1.1066924198892336
5,0.938613365568618,0.3108674623320519,0.6,1.0004707882178494,1.1908777895270009,1.0910226407032009,1.0131110425858931,1.0000000000000002,1.0000000000000002,1.0000000000000002,1.0000000000000002,1.0000000000000002,1.016777109857208,1.053398712326332,1.1066924198892336
9,0.938613365568618,0.4134639891312176,0.7,1.0121892144913542,1.1908777895270009,1.158309205134563,1.093046572962168,1.0022503876850155,1.0000000000000002,1.0000000000000002,1.0000000000000002,1.0123941219403467,1.0543278653988537,1.0892742637204855,1.107515894084547
