,auc,sigma,gamma,optimal,optimistic@0,optimistic@0.1,optimistic@0.2,optimistic@0.3,optimistic@0.4,optimistic@0.5,optimistic@0.6,optimistic@0.7,optimistic@0.8,optimistic@0.9,optimistic@1
1,0.9386133655686181,0.17794478349715073,0.2,1.0,1.0865364031448743,1.0,1.0,1.0,1.0,1.0,1.0,1.0,1.0,1.0,1.0342857503724283
4,0.9386133655686181,0.25000000000000017,0.5,1.0,1.0865364031448743,1.0000000000000002,1.0,1.0,1.0,1.0,1.0,1.0,1.0,1.0000000000000002,1.0488230105444925
13,0.9386133655686181,0.5682474494158067,0.8,1.0000000000000002,1.0865364031448743,1.0854834925687624,1.064922320656129,1.0000000000000002,1.0,1.0,1.0,1.0035062087563995,1.0394648716493933,1.0495972487021117,1.050248757575852
20,0.9386133655686181,0.7695990367386679,0.9,1.010269648081744,1.0865364031448743,1.0865364031448743,1.0865364031448743,1.0846493423083816,1.0041610887020314,1.0,1.0121396836057723,1.051455709874288,1.0524847505514283,1.0524847505514283,1.0524847505514283
