,auc,sigma,gamma,optimal,optimistic@0,optimistic@0.1,optimistic@0.2,optimistic@0.3,optimistic@0.4,optimistic@0.5,optimistic@0.6,optimistic@0.7,optimistic@0.8,optimistic@0.9,optimistic@1
25,0.716452526827922,0.9221100623304084,0.8,1.4985056804548438,2.0064364758988664,2.0064364758988664,2.0064364758988664,2.0064364758988664,1.988075651481458,1.8322469715476986,1.7936203463925016,1.8003620217353227,1.8003620217353227,1.8003620217353227,1.8003620217353227
