,auc,sigma,gamma,optimal,optimistic@0,optimistic@0.1,optimistic@0.2,optimistic@0.3,optimistic@0.4,optimistic@0.5,optimistic@0.6,optimistic@0.7,optimistic@0.8,optimistic@0.9,optimistic@1
1,0.9386133655686181,0.17794478349715073,0.2,1.1424210653841729,1.5354602199799754,1.2208590382077706,1.2035856466315955,1.1960392023614883,1.1888273108599234,1.1845811409686502,1.17956666828123,1.1771344424897936,1.1724301980587604,1.1697948622182934,1.3034818190345572
4,0.9386133655686181,0.25000000000000017,0.5,1.11351130094171,1.5354602199799754,1.3376382496564183,1.2810357135683637,1.2384438728445195,1.2053433965467393,1.1830043780312638,1.1670509753898473,1.1692057306383958,1.1838691413350697,1.2153508508575988,1.3291041594854005
13,0.9386133655686181,0.5682474494158067,0.8,1.1570039967022727,1.5354602199799754,1.5337525745271243,1.5096412100449903,1.4212356634568026,1.2847722285328222,1.1697992316317918,1.1929289891406547,1.2708094156998055,1.3212451318543814,1.3367732456331165,1.3382986156219507
20,0.9386133655686181,0.7695990367386679,0.9,1.1980329159586594,1.5354602199799754,1.5354602199799754,1.5354602199799754,1.5321899908760208,1.4409937530340815,1.1734118024516849,1.284904357248421,1.351733543518204,1.3537836713664502,1.3537836713664502,1.3537836713664502
