,auc,sigma,gamma,optimal,optimistic@0,optimistic@0.1,optimistic@0.2,optimistic@0.3,optimistic@0.4,optimistic@0.5,optimistic@0.6,optimistic@0.7,optimistic@0.8,optimistic@0.9,optimistic@1
1,0.9386133655686181,0.17794478349715073,0.2,1.0,1.1354301726227496,1.0000000000000002,1.0,1.0,1.0,1.0,1.0,1.0,1.0000000000000002,1.0000000000000002,1.0599490170471422
4,0.9386133655686181,0.25000000000000017,0.5,1.0000000000000002,1.1354301726227496,1.0000000000000002,1.0000000000000002,1.0000000000000002,1.0,1.0,1.0000000000000002,1.0000000000000002,1.0000000000000002,1.0000000000000002,1.0752710534374434
13,0.9386133655686181,0.5682474494158067,0.8,1.0104905209405948,1.1354301726227496,1.1343765862485893,1.1141493583768958,1.042346939558624,1.0000000000000002,1.0,1.0000000000000002,1.0297174188941391,1.0658435239437687,1.0761686867121645,1.076840073060475
20,0.9386133655686181,0.7695990367386679,0.9,1.0279312068701716,1.1354301726227496,1.1354301726227496,1.1354301726227496,1.133336329989972,1.0583597188011744,1.0,1.0385456812910236,1.0786169531113579,1.079645518833311,1.079645518833311,1.079645518833311
