,auc,sigma,gamma,optimal,optimistic@0,optimistic@0.1,optimistic@0.2,optimistic@0.3,optimistic@0.4,optimistic@0.5,optimistic@0.6,optimistic@0.7,optimistic@0.8,optimistic@0.9,optimistic@1
23,0.7164525268279224,0.8721486797689411,0.7,1.482172825402541,2.0064364758988664,2.0064364758988664,2.0060838466952298,1.996591286860956,1.9143050174094693,1.8240373542353132,1.7878617889460522,1.7866680169344833,1.7946024098965276,1.7946024098965276,1.7946024098965276
