,auc,sigma,gamma,optimal,optimistic@0,optimistic@0.1,optimistic@0.2,optimistic@0.3,optimistic@0.4,optimistic@0.5,optimistic@0.6,optimistic@0.7,optimistic@0.8,optimistic@0.9,optimistic@1
24,0.8333363423936124,0.9017349259299612,0.9,1.019275045504552,1.0865364031448743,1.0865364031448743,1.0865364031448743,1.0865364031448743,1.0815449145999667,1.0000000000000002,1.0512297099792804,1.0544088866032637,1.0544088866032637,1.0544088866032637,1.0544088866032637
