,auc,sigma,gamma,optimal,optimistic@0,optimistic@0.1,optimistic@0.2,optimistic@0.3,optimistic@0.4,optimistic@0.5,optimistic@0.6,optimistic@0.7,optimistic@0.8,optimistic@0.9,optimistic@1
1,0.9386133655686181,0.17794478349715073,0.2,1.4158540572804745,2.0064364758988664,1.5863025007995317,1.5623334337403239,1.5427945664047313,1.5313275119113379,1.5191725318379787,1.5126331979112542,1.5004924753859306,1.4909445639227097,1.4785940719460584,1.6185413629479046
4,0.9386133655686181,0.25000000000000017,0.5,1.3228137193913798,2.0064364758988664,1.7553199426611807,1.6687483677448385,1.6091854233802185,1.5644821231834776,1.5334422393898928,1.501217608519362,1.482041983614505,1.4906677518894451,1.5220055479133123,1.6507249914424487
13,0.9386133655686181,0.5682474494158067,0.8,1.3461664650208238,2.0064364758988664,2.004240756593749,1.9638017049618577,1.8431002400082286,1.6633350556182391,1.5022144209326558,1.4990346626108955,1.594205611641415,1.6619656954170128,1.6838854499464908,1.6877130176416149
20,0.9386133655686181,0.7695990367386679,0.9,1.431624131255965,2.0064364758988664,2.0064364758988664,2.0064364758988664,2.001048500416179,1.878517248865685,1.50576412991654,1.6353318898536293,1.7298649662895165,1.7335836952357724,1.7335836952357724,1.7335836952357724
