,auc,sigma,gamma,optimal,optimistic@0,optimistic@0.1,optimistic@0.2,optimistic@0.3,optimistic@0.4,optimistic@0.5,optimistic@0.6,optimistic@0.7,optimistic@0.8,optimistic@0.9,optimistic@1
22,0.7164525268279239,0.8143623888908731,0.6,1.1335827195635764,1.3516256338967745,1.3516171055166022,1.3473263663422022,1.3226215700323838,1.2710012685510559,1.2157081950914357,1.202858928055918,1.2192460861371033,1.2308122685634322,1.232961880348167,1.2329842642214457
