,auc,sigma,gamma,optimal,optimistic@0,optimistic@0.1,optimistic@0.2,optimistic@0.3,optimistic@0.4,optimistic@0.5,optimistic@0.6,optimistic@0.7,optimistic@0.8,optimistic@0.9,optimistic@1
16,0.7164525268279263,0.6244512436396387,0.3,1.2450470638867228,1.5354602199799754,1.4714386219223026,1.4369633691917134,1.4121861911572815,1.3904277445188222,1.369722234058016,1.3553055535912328,1.3439994273898437,1.3368132473457244,1.3406844074789117,1.3640386654502972
