,auc,sigma,gamma,optimal,optimistic@0,optimistic@0.1,optimistic@0.2,optimistic@0.3,optimistic@0.4,optimistic@0.5,optimistic@0.6,optimistic@0.7,optimistic@0.8,optimistic@0.9,optimistic@1
17,0.7164525268279226,0.6839392489047074,0.4,1.0060432439660594,1.0865364031448743,1.0670852673469844,1.0420254393942256,1.0183108740699038,1.0044342260796604,1.0016708232531422,1.0073751987312554,1.0185041270225932,1.033162048724775,1.0458052899550363,1.0551878545418625
