,auc,sigma,gamma,optimal,optimistic@0,optimistic@0.1,optimistic@0.2,optimistic@0.3,optimistic@0.4,optimistic@0.5,optimistic@0.6,optimistic@0.7,optimistic@0.8,optimistic@0.9,optimistic@1
14,0.7164525268279223,0.5790549636431596,0.2,1.153884458589559,1.3516256338967745,1.2714209645507144,1.2514603648751723,1.2370850655266714,1.2253612861815606,1.2183831832090672,1.2111002772700936,1.205577796477494,1.2026020158587054,1.2040646131279291,1.2339857837838148
