,auc,sigma,gamma,optimal,optimistic@0,optimistic@0.1,optimistic@0.2,optimistic@0.3,optimistic@0.4,optimistic@0.5,optimistic@0.6,optimistic@0.7,optimistic@0.8,optimistic@0.9,optimistic@1
22,0.7164525268279239,0.8143623888908731,0.6,1.0563900993521598,1.1908777895270009,1.1907555126854328,1.1874584784138795,1.1662119830665068,1.1178949924860082,1.079015267150766,1.0847201925680168,1.1045575067884512,1.1151040891325688,1.1170959538242495,1.1171256622549894
