,auc,sigma,gamma,optimal,optimistic@0,optimistic@0.1,optimistic@0.2,optimistic@0.3,optimistic@0.4,optimistic@0.5,optimistic@0.6,optimistic@0.7,optimistic@0.8,optimistic@0.9,optimistic@1
12,0.7164525268279119,0.547210100773754,0.1,1.0594898189847948,1.1908777895270009,1.0950177894539033,1.0881431412549445,1.0851145851509754,1.0832861551278792,1.0813037897965632,1.0799968090217351,1.0790324876925532,1.0784717864042144,1.078405564816821,1.1168447221638105
