,auc,sigma,gamma,optimal,optimistic@0,optimistic@0.1,optimistic@0.2,optimistic@0.3,optimistic@0.4,optimistic@0.5,optimistic@0.6,optimistic@0.7,optimistic@0.8,optimistic@0.9,optimistic@1
23,0.7164525268279224,0.8721486797689411,0.7,1.0174641890793426,1.0865364031448743,1.0865364031448743,1.0864894423737126,1.0821687465796517,1.0401626278416622,1.0000040146792737,1.034170518168525,1.0531880338385895,1.0557233945547375,1.0557542026513989,1.0557542026513989
