,auc,sigma,gamma,optimal,optimistic@0,optimistic@0.1,optimistic@0.2,optimistic@0.3,optimistic@0.4,optimistic@0.5,optimistic@0.6,optimistic@0.7,optimistic@0.8,optimistic@0.9,optimistic@1
23,0.7164525268279224,0.8721486797689411,0.7,1.1384632547946938,1.3516256338967745,1.3516256338967745,1.3515354151615375,1.3467198805313172,1.3023806137253278,1.220348986801692,1.2126829244745625,1.2317528748081423,1.2354405677098543,1.2355027378360115,1.2355027378360115
