,auc,sigma,gamma,optimal,optimistic@0,optimistic@0.1,optimistic@0.2,optimistic@0.3,optimistic@0.4,optimistic@0.5,optimistic@0.6,optimistic@0.7,optimistic@0.8,optimistic@0.9,optimistic@1
1,0.9386133655686181,0.17794478349715073,0.2,1.0000000000000002,1.1908777895270009,1.0000000000000002,1.0000000000000002,1.0000000000000002,1.0000000000000002,1.0000000000000002,1.0000000000000002,1.0000000000000002,1.0000000000000002,1.0000000000000002,1.0909553731090362
4,0.9386133655686181,0.25000000000000017,0.5,1.0000000000000002,1.1908777895270009,1.0252916681329705,1.0000000000000002,1.0000000000000002,1.0000000000000002,1.0000000000000002,1.0000000000000002,1.0000000000000002,1.0000000000000002,1.0209743361048311,1.107102773509479
13,0.9386133655686181,0.5682474494158067,0.8,1.0286621697103533,1.1908777895270009,1.1899700422613468,1.1713783741719288,1.1021948107669173,1.0000000000000002,1.0000000000000002,1.0000000000000002,1.060766558763773,1.0975356684169548,1.1083312871016209,1.1090769332508366
20,0.9386133655686181,0.7695990367386679,0.9,1.0489299515913642,1.1908777895270009,1.1908777895270009,1.1908777895270009,1.188823601624064,1.1162265787040904,1.0000000000000002,1.0698620420557914,1.1114529815256289,1.1125309373975871,1.1125309373975871,1.1125309373975871
