,auc,sigma,gamma,optimal,optimistic@0,optimistic@0.1,optimistic@0.2,optimistic@0.3,optimistic@0.4,optimistic@0.5,optimistic@0.6,optimistic@0.7,optimistic@0.8,optimistic@0.9,optimistic@1
15,0.8333363423936788,0.5856786353303638,0.6,1.033983841197596,1.1908777895270009,1.1778504101534726,1.13991983020922,1.0864336718220915,1.039736744721107,1.0219634076951334,1.0359252635840583,1.0606552744298292,1.0855612917423416,1.104214200437846,1.1118075733674535
