,auc,sigma,gamma,optimal,optimistic@0,optimistic@0.1,optimistic@0.2,optimistic@0.3,optimistic@0.4,optimistic@0.5,optimistic@0.6,optimistic@0.7,optimistic@0.8,optimistic@0.9,optimistic@1
10,0.8333363423936688,0.4363521493876309,0.4,1.4581030902232575,2.0064364758988664,1.859741581116389,1.8037764769968296,1.765126908543394,1.7222065846653054,1.6864690862691316,1.663134176586503,1.6549617390124391,1.6484725992170977,1.655494578804805,1.71038752436851
