,auc,sigma,gamma,optimal,optimistic@0,optimistic@0.1,optimistic@0.2,optimistic@0.3,optimistic@0.4,optimistic@0.5,optimistic@0.6,optimistic@0.7,optimistic@0.8,optimistic@0.9,optimistic@1
15,0.8333363423936788,0.5856786353303638,0.6,1.1841290407952532,1.5354602199799754,1.5175015947851138,1.4655003693092885,1.4000602033648488,1.3354780416639631,1.2880962435631422,1.2747367607765971,1.2882456809657388,1.3122233369264389,1.3357400147030665,1.347482872255517
