,auc,sigma,gamma,optimal,optimistic@0,optimistic@0.1,optimistic@0.2,optimistic@0.3,optimistic@0.4,optimistic@0.5,optimistic@0.6,optimistic@0.7,optimistic@0.8,optimistic@0.9,optimistic@1
8,0.8333363423936784,0.3937641045017957,0.3,1.0191020905946684,1.1908777895270009,1.07072030991686,1.0463456133183098,1.034074589006507,1.0289569669462002,1.0273618219307177,1.028590885875361,1.0323470179280023,1.0392798487826465,1.0511944424183897,1.1115391535952484
11,0.8333363423936784,0.4999999999999997,0.5,1.0270005428111364,1.1908777895270009,1.1442984937657286,1.097779105215162,1.0580923678198644,1.031324421452713,1.0239628321487204,1.0304182111816178,1.0448876417424564,1.0649392483383096,1.0869489021374314,1.1122760348618028
