,auc,sigma,gamma,optimal,optimistic@0,optimistic@0.1,optimistic@0.2,optimistic@0.3,optimistic@0.4,optimistic@0.5,optimistic@0.6,optimistic@0.7,optimistic@0.8,optimistic@0.9,optimistic@1
23,0.7164525268279224,0.8721486797689411,0.7,1.0365032821581548,1.1354301726227496,1.1354301726227496,1.1353729542107749,1.1310352068229823,1.088079411759163,1.0365463326552098,1.0622740817096288,1.0809114134883742,1.0834548006858342,1.0834747894319994,1.0834747894319994
