,auc,sigma,gamma,optimal,optimistic@0,optimistic@0.1,optimistic@0.2,optimistic@0.3,optimistic@0.4,optimistic@0.5,optimistic@0.6,optimistic@0.7,optimistic@0.8,optimistic@0.9,optimistic@1
12,0.7164525268279119,0.547210100773754,0.1,1.0000000000000002,1.086543790374761,1.002870184814313,1.0012891048082453,1.0011772552791536,1.001532718732159,1.0020577841464828,1.0026874167425608,1.0043472822448576,1.0060482041937582,1.0087487832135302,1.055140243200326
