,auc,sigma,gamma,optimal,optimistic@0,optimistic@0.1,optimistic@0.2,optimistic@0.3,optimistic@0.4,optimistic@0.5,optimistic@0.6,optimistic@0.7,optimistic@0.8,optimistic@0.9,optimistic@1
14,0.7164525268279223,0.5790549636431596,0.2,1.6200568365368346,2.0064364758988664,1.8816494160565989,1.8639126046069543,1.845223811159146,1.8286336975512845,1.8258618951669618,1.8158351440265506,1.8022686857261796,1.7855868003783395,1.7769482548650442,1.7791045673613566
