,auc,sigma,gamma,optimal,optimistic@0,optimistic@0.1,optimistic@0.2,optimistic@0.3,optimistic@0.4,optimistic@0.5,optimistic@0.6,optimistic@0.7,optimistic@0.8,optimistic@0.9,optimistic@1
12,0.7164525268279119,0.547210100773754,0.1,1.6841529807398135,2.0064364758988664,1.8427135891592146,1.8345864637137999,1.8220815742040615,1.8186647008963377,1.812536730866512,1.8027735789032469,1.797003363988916,1.7967985320111552,1.797463065730308,1.7786526370161495
