,auc,sigma,gamma,optimal,optimistic@0,optimistic@0.1,optimistic@0.2,optimistic@0.3,optimistic@0.4,optimistic@0.5,optimistic@0.6,optimistic@0.7,optimistic@0.8,optimistic@0.9,optimistic@1
26,0.7164525268279227,0.964115655499626,0.9,1.0431313138190603,1.1354301726227496,1.1354301726227496,1.1354301726227496,1.1354301726227496,1.1354301726227496,1.0351048305675403,1.0840825041405724,1.0840831810004676,1.0840831810004676,1.0840831810004676,1.0840831810004676
