,auc,sigma,gamma,optimal,optimistic@0,optimistic@0.1,optimistic@0.2,optimistic@0.3,optimistic@0.4,optimistic@0.5,optimistic@0.6,optimistic@0.7,optimistic@0.8,optimistic@0.9,optimistic@1
19,0.7164525268279522,0.7499999999999409,0.5,1.4900688233630919,2.0064364758988664,1.9983574531514043,1.9681204469163864,1.9162938772430318,1.8606846140404967,1.8139881305860144,1.7890152948968419,1.7810250031289216,1.7725317564776035,1.7823796009210813,1.7860903391894145
