,auc,sigma,gamma,optimal,optimistic@0,optimistic@0.1,optimistic@0.2,optimistic@0.3,optimistic@0.4,optimistic@0.5,optimistic@0.6,optimistic@0.7,optimistic@0.8,optimistic@0.9,optimistic@1
8,0.8333363423936784,0.3937641045017957,0.3,1.2097467251037488,1.5354602199799754,1.3820282203233405,1.3454824755507724,1.3228555866771636,1.3075610846793655,1.2954254075719842,1.284349471882245,1.276332968612211,1.2745413536325767,1.2808202475464998,1.3448540927214272
11,0.8333363423936784,0.4999999999999997,0.5,1.1835351579570348,1.5354602199799754,1.472248425875467,1.4148198117179718,1.3620881483846576,1.3183371553388223,1.2906228617525486,1.2752811110541833,1.2738403128056737,1.2852861226943049,1.3119434523833629,1.3483296428301454
