,auc,sigma,gamma,optimal,optimistic@0,optimistic@0.1,optimistic@0.2,optimistic@0.3,optimistic@0.4,optimistic@0.5,optimistic@0.6,optimistic@0.7,optimistic@0.8,optimistic@0.9,optimistic@1
10,0.8333363423936688,0.4363521493876309,0.4,1.0968664933034011,1.3516256338967745,1.2640694467925513,1.2251754596950828,1.1955483101326136,1.172056314851685,1.1574453131299427,1.1490111675999408,1.1476975792261508,1.1556665700459,1.17132292875321,1.2221295016715028
