,auc,sigma,gamma,optimal,optimistic@0,optimistic@0.1,optimistic@0.2,optimistic@0.3,optimistic@0.4,optimistic@0.5,optimistic@0.6,optimistic@0.7,optimistic@0.8,optimistic@0.9,optimistic@1
16,0.7164525268279263,0.6244512436396387,0.3,1.0,1.0000000000000002,1.0000000000000002,1.0000000000000002,1.0,1.0,1.0,1.0,1.0000000000000002,1.0000000000000002,1.0000000000000002,1.0099806613798408
