,auc,sigma,gamma,optimal,optimistic@0,optimistic@0.1,optimistic@0.2,optimistic@0.3,optimistic@0.4,optimistic@0.5,optimistic@0.6,optimistic@0.7,optimistic@0.8,optimistic@0.9,optimistic@1
15,0.8333363423936788,0.5856786353303638,0.6,1.0,1.0000000000000002,1.0000000000000002,1.0000000000000002,1.0,1.0,1.0,1.0,1.0,1.0000000000000002,1.000647799549531,1.0077240844274191
