,auc,sigma,gamma,optimal,optimistic@0,optimistic@0.1,optimistic@0.2,optimistic@0.3,optimistic@0.4,optimistic@0.5,optimistic@0.6,optimistic@0.7,optimistic@0.8,optimistic@0.9,optimistic@1
26,0.7164525268279227,0.964115655499626,0.9,1.1495550252485909,1.3516256338967745,1.3516256338967745,1.3516256338967745,1.3516256338967745,1.3516256338967745,1.2176288235756092,1.2373176383101046,1.2373191041436138,1.2373191041436138,1.2373191041436138,1.2373191041436138
