,auc,sigma,gamma,optimal,optimistic@0,optimistic@0.1,optimistic@0.2,optimistic@0.3,optimistic@0.4,optimistic@0.5,optimistic@0.6,optimistic@0.7,optimistic@0.8,optimistic@0.9,optimistic@1
16,0.7164525268279263,0.6244512436396387,0.3,1.0488407028967672,1.1908777895270009,1.1447695545696108,1.1179074426374531,1.0989275131942304,1.0851617063363144,1.0788166737160465,1.0769318776556096,1.0795633683306791,1.084584619140346,1.0946909644897351,1.1164920394431421
