,auc,sigma,gamma,optimal,optimistic@0,optimistic@0.1,optimistic@0.2,optimistic@0.3,optimistic@0.4,optimistic@0.5,optimistic@0.6,optimistic@0.7,optimistic@0.8,optimistic@0.9,optimistic@1
17,0.7164525268279226,0.6839392489047074,0.4,1.2315111310065507,1.5354602199799754,1.508041225715013,1.473984655269284,1.4347724902649663,1.4013585439214904,1.3748157494328883,1.3516320095097314,1.3406844074789117,1.3430779702988669,1.3544508974545642,1.36634806511418
