,auc,sigma,gamma,optimal,optimistic@0,optimistic@0.1,optimistic@0.2,optimistic@0.3,optimistic@0.4,optimistic@0.5,optimistic@0.6,optimistic@0.7,optimistic@0.8,optimistic@0.9,optimistic@1
0,0.938613365568618,0.13870149000920318,0.1,1.1178454949273644,1.5357300912208183,1.1575224732118359,1.1508993224659585,1.1484052960668012,1.1456095852555512,1.1439104174204109,1.1416580347581002,1.1397011246031648,1.1385639986288034,1.1352628519586718,1.2249975106905897
2,0.938613365568618,0.19486965017283772,0.3,1.1278273708738666,1.5354602199799754,1.251450752787407,1.2224002807021628,1.2043744963022731,1.1924628235627606,1.184177977387273,1.1783543108561845,1.1741013280908137,1.172032832793677,1.1771335512667518,1.3231989991484592
3,0.938613365568618,0.2152191382088275,0.4,1.1191489994913248,1.5354602199799754,1.2905148861124407,1.2497767193010838,1.2204974665063997,1.1975791869723886,1.1821382614862772,1.1745634707791874,1.172673120152589,1.1761697735360888,1.1899909921052567,1.3266268611132843
5,0.938613365568618,0.3108674623320519,0.6,1.1198944327090412,1.5354602199799754,1.4050887993007246,1.325564758200383,1.2618425082763338,1.2132251430278058,1.1790341390798222,1.1666722390604658,1.180693798925541,1.2112968294039517,1.2537884724051818,1.3271134956025086
9,0.938613365568618,0.4134639891312176,0.7,1.1301107808786246,1.5354602199799754,1.4926004190630704,1.4091452214769318,1.3178958485033163,1.235050976434541,1.1795378018957627,1.1750161697047743,1.2107859976649753,1.2608382581379598,1.3063678763103088,1.3312331345831585
