,auc,sigma,gamma,optimal,optimistic@0,optimistic@0.1,optimistic@0.2,optimistic@0.3,optimistic@0.4,optimistic@0.5,optimistic@0.6,optimistic@0.7,optimistic@0.8,optimistic@0.9,optimistic@1
6,0.8333363423936785,0.3340735977409097,0.1,1.5995400438369363,2.006913771367239,1.726082499508844,1.7120929802697673,1.70658015816922,1.7011638218540635,1.692042185053249,1.6855236002928766,1.6814602834770487,1.673544645636475,1.6640517693202383,1.6820407274055817
18,0.8333363423936785,0.6875341372243786,0.7,1.4220967777439975,2.0064364758988664,2.004240756593749,1.979404784261774,1.9054687318375283,1.7967328394354167,1.6994433018125776,1.6603800627652643,1.7048060239048588,1.733325068202473,1.739878050116101,1.7396173363057794
21,0.8333363423936785,0.7957871725412047,0.8,1.4514244074217495,2.0064364758988664,2.0064364758988664,2.0064364758988664,1.9913119267899062,1.8795746863920235,1.6780729263335599,1.6891126792580362,1.746902059211067,1.7531247239959793,1.7531247239959793,1.7531247239959793
