,auc,sigma,gamma,optimal,optimistic@0,optimistic@0.1,optimistic@0.2,optimistic@0.3,optimistic@0.4,optimistic@0.5,optimistic@0.6,optimistic@0.7,optimistic@0.8,optimistic@0.9,optimistic@1
25,0.716452526827922,0.9221100623304084,0.8,1.0400461186225265,1.1354301726227496,1.1354301726227496,1.1354301726227496,1.1354080387547518,1.1240631721885903,1.035526011946677,1.0775882758729154,1.0833960277989445,1.0834208422921106,1.0834208422921106,1.0834208422921106
