,auc,sigma,gamma,optimal,optimistic@0,optimistic@0.1,optimistic@0.2,optimistic@0.3,optimistic@0.4,optimistic@0.5,optimistic@0.6,optimistic@0.7,optimistic@0.8,optimistic@0.9,optimistic@1
6,0.8333363423936785,0.3340735977409097,0.1,1.0000000000000002,1.0866070167228503,1.0000000000000002,1.0000000000000002,1.0000000000000002,1.0000000000000002,1.0000000000000002,1.0000000000000002,1.0000000000000002,1.0000000000000002,1.0000000000000002,1.0400754027849208
18,0.8333363423936785,0.6875341372243786,0.7,1.00483796413734,1.0865364031448743,1.085859919790387,1.0730758805544316,1.029367771528627,1.0000000000000002,1.0000000000000002,1.0000000000000002,1.025217195989593,1.0466383638470778,1.0528000131122766,1.0530814343898471
21,0.8333363423936785,0.7957871725412047,0.8,1.0121649143428744,1.0865364031448743,1.0865364031448743,1.0864011246643783,1.0771160058305964,1.0055880081538613,1.0000000000000002,1.0137754201684115,1.0492228984335004,1.0537252275252813,1.0538601353317067,1.0538601353317067
