,auc,sigma,gamma,optimal,optimistic@0,optimistic@0.1,optimistic@0.2,optimistic@0.3,optimistic@0.4,optimistic@0.5,optimistic@0.6,optimistic@0.7,optimistic@0.8,optimistic@0.9,optimistic@1
16,0.7164525268279263,0.6244512436396387,0.3,1.023002950604134,1.1354301726227496,1.0886870767815404,1.064278373562875,1.0487228972370477,1.03942030366743,1.0369223290258212,1.0381962720707454,1.0426370008271362,1.049743123279393,1.0609224425766115,1.0824964743766958
