,auc,sigma,gamma,optimal,optimistic@0,optimistic@0.1,optimistic@0.2,optimistic@0.3,optimistic@0.4,optimistic@0.5,optimistic@0.6,optimistic@0.7,optimistic@0.8,optimistic@0.9,optimistic@1
8,0.8333363423936784,0.3937641045017957,0.3,1.1057048375662557,1.3516256338967745,1.2303915376875785,1.2000928384424878,1.1827835276377026,1.1690268561277,1.1589252164190127,1.1524358471170606,1.1492252801728755,1.1506025185195696,1.156670063378776,1.2215303099190178
11,0.8333363423936784,0.4999999999999997,0.5,1.0973295840094603,1.3516256338967745,1.3008821224428042,1.2569748359945228,1.2146368027403056,1.17669186719007,1.1530448040785322,1.1446564249331788,1.1504659053389887,1.167152023491765,1.191898286598332,1.2227982554301189
