,auc,sigma,gamma,optimal,optimistic@0,optimistic@0.1,optimistic@0.2,optimistic@0.3,optimistic@0.4,optimistic@0.5,optimistic@0.6,optimistic@0.7,optimistic@0.8,optimistic@0.9,optimistic@1
19,0.7164525268279522,0.7499999999999409,0.5,1.0289013744441495,1.1354301726227496,1.131750741242716,1.114348782117136,1.0812027331725298,1.0491279968921752,1.0359858753297242,1.0436541646233293,1.0596351695930564,1.0734054624254206,1.0812377733177572,1.0831186542524267
