,auc,sigma,gamma,optimal,optimistic@0,optimistic@0.1,optimistic@0.2,optimistic@0.3,optimistic@0.4,optimistic@0.5,optimistic@0.6,optimistic@0.7,optimistic@0.8,optimistic@0.9,optimistic@1
22,0.7164525268279239,0.8143623888908731,0.6,1.0327939113642717,1.1354301726227496,1.1353189201237843,1.1318971946966776,1.110575454875104,1.0639749382533168,1.036477840742131,1.0495320268307426,1.0709140953496779,1.0811595118986037,1.0829859940926359,1.0830054312070612
