,auc,sigma,gamma,optimal,optimistic@0,optimistic@0.1,optimistic@0.2,optimistic@0.3,optimistic@0.4,optimistic@0.5,optimistic@0.6,optimistic@0.7,optimistic@0.8,optimistic@0.9,optimistic@1
7,0.8333363423936787,0.36649181218631305,0.2,1.5515853995275122,2.0064364758988664,1.7642797753413024,1.7456499364765334,1.7281787245397182,1.7185343356903278,1.701787120456494,1.6889673772540057,1.6783621847309016,1.6678297669193087,1.6491015220079108,1.7044331293632027
