,auc,sigma,gamma,optimal,optimistic@0,optimistic@0.1,optimistic@0.2,optimistic@0.3,optimistic@0.4,optimistic@0.5,optimistic@0.6,optimistic@0.7,optimistic@0.8,optimistic@0.9,optimistic@1
24,0.8333363423936124,0.9017349259299612,0.9,1.0384619074746797,1.1354301726227496,1.1354301726227496,1.1354301726227496,1.1354301726227496,1.1301827247040732,1.0000000000000002,1.0786870330307103,1.0818197015180395,1.0818197015180395,1.0818197015180395,1.0818197015180395
