,auc,sigma,gamma,optimal,optimistic@0,optimistic@0.1,optimistic@0.2,optimistic@0.3,optimistic@0.4,optimistic@0.5,optimistic@0.6,optimistic@0.7,optimistic@0.8,optimistic@0.9,optimistic@1
15,0.8333363423936788,0.5856786353303638,0.6,1.4206252488391686,2.0064364758988664,1.9770951746603989,1.9058870047940526,1.8282295246536187,1.754612655174303,1.688965921849426,1.6621243738540254,1.6633067787058011,1.682535061565595,1.7044331293632027,1.7142724872736634
